year,sales,order_id,sales_previous_year,sales_delta
2014,484247.4981,CA-2014-115812,,
2015,470532.509,US-2015-108966,484247.4981,-2.832227147029633
2016,609205.598,CA-2016-152156,470532.509,29.471521382170852
2017,733215.2552,CA-2017-114412,609205.598,20.355961535337045
